<?xml version="1.0" encoding="UTF-8"?><?xml-stylesheet type='text/xsl' href='_UpgradeReport_Files/UpgradeReport.xslt'?><UpgradeLog>
<Properties><Property Name="Solution" Value="Minesweeper">
</Property><Property Name="Solution File" Value="C:\Users\Ricky\Desktop\rickyc\minesweeper\Minesweeper.sln">
</Property><Property Name="User Options File" Value="C:\Users\Ricky\Desktop\rickyc\minesweeper\Minesweeper.suo">
</Property><Property Name="Date" Value="Wednesday, December 17, 2008">
</Property><Property Name="Time" Value="23:02 PM">
</Property><Property Name="Log Number" Value="2">
</Property></Properties><Event ErrorLevel="0" Project="" Source="Minesweeper.sln" Description="File successfully backed up as C:\Users\Ricky\Desktop\rickyc\minesweeper\Backup1\Minesweeper.sln">
</Event><Event ErrorLevel="0" Project="" Source="Minesweeper.suo" Description="File successfully backed up as C:\Users\Ricky\Desktop\rickyc\minesweeper\Backup1\Minesweeper.suo">
</Event><Event ErrorLevel="0" Project="Minesweeper" Source="Minesweeper.vbproj" Description="Project file successfully backed up as C:\Users\Ricky\Desktop\rickyc\minesweeper\Backup1\Minesweeper.vbproj">
</Event><Event ErrorLevel="0" Project="Minesweeper" Source="Minesweeper.vbproj.user" Description="Project user file successfully backed up as C:\Users\Ricky\Desktop\rickyc\minesweeper\Backup1\Minesweeper.vbproj.user">
</Event><Event ErrorLevel="0" Project="Minesweeper" Source="About.vb" Description="File successfully backed up as C:\Users\Ricky\Desktop\rickyc\minesweeper\Backup1\About.vb">
</Event><Event ErrorLevel="0" Project="Minesweeper" Source="AssemblyInfo.vb" Description="File successfully backed up as C:\Users\Ricky\Desktop\rickyc\minesweeper\Backup1\AssemblyInfo.vb">
</Event><Event ErrorLevel="0" Project="Minesweeper" Source="CustomOptions.vb" Description="File successfully backed up as C:\Users\Ricky\Desktop\rickyc\minesweeper\Backup1\CustomOptions.vb">
</Event><Event ErrorLevel="0" Project="Minesweeper" Source="Game.vb" Description="File successfully backed up as C:\Users\Ricky\Desktop\rickyc\minesweeper\Backup1\Game.vb">
</Event><Event ErrorLevel="0" Project="Minesweeper" Source="Help.vb" Description="File successfully backed up as C:\Users\Ricky\Desktop\rickyc\minesweeper\Backup1\Help.vb">
</Event><Event ErrorLevel="0" Project="Minesweeper" Source="app.config" Description="File successfully backed up as C:\Users\Ricky\Desktop\rickyc\minesweeper\Backup1\app.config">
</Event><Event ErrorLevel="0" Project="Minesweeper" Source="Icon1.ico" Description="File successfully backed up as C:\Users\Ricky\Desktop\rickyc\minesweeper\Backup1\Icon1.ico">
</Event><Event ErrorLevel="0" Project="Minesweeper" Source="About.resx" Description="File successfully backed up as C:\Users\Ricky\Desktop\rickyc\minesweeper\Backup1\About.resx">
</Event><Event ErrorLevel="0" Project="Minesweeper" Source="CustomOptions.resx" Description="File successfully backed up as C:\Users\Ricky\Desktop\rickyc\minesweeper\Backup1\CustomOptions.resx">
</Event><Event ErrorLevel="0" Project="Minesweeper" Source="Game.resx" Description="File successfully backed up as C:\Users\Ricky\Desktop\rickyc\minesweeper\Backup1\Game.resx">
</Event><Event ErrorLevel="0" Project="Minesweeper" Source="Help.resx" Description="File successfully backed up as C:\Users\Ricky\Desktop\rickyc\minesweeper\Backup1\Help.resx">
</Event><Event ErrorLevel="0" Project="Minesweeper" Source="Minesweeper.vbproj" Description="Project converted successfully">
</Event><Event ErrorLevel="3" Project="Minesweeper" Source="Minesweeper.vbproj" Description="Converted">
</Event><Event ErrorLevel="0" Project="" Source="Minesweeper.sln" Description="Solution converted successfully">
</Event><Event ErrorLevel="3" Project="" Source="Minesweeper.sln" Description="Converted">
</Event><Event ErrorLevel="0" Project="Minesweeper" Source="Minesweeper.vbproj" Description="Scan complete: Upgrade not required for project files.">
</Event></UpgradeLog>