<?xml version="1.0" encoding="UTF-8"?><?xml-stylesheet type='text/xsl' href='_UpgradeReport_Files/UpgradeReport.xslt'?><UpgradeLog>
<Properties><Property Name="Solution" Value="Minesweeper">
</Property><Property Name="Solution File" Value="C:\Users\Ricky\Desktop\Minesweeper\Minesweeper.sln">
</Property><Property Name="User Options File" Value="C:\Users\Ricky\Desktop\Minesweeper\Minesweeper.suo">
</Property><Property Name="Date" Value="Friday, June 22, 2007">
</Property><Property Name="Time" Value="16:34 PM">
</Property></Properties><Event ErrorLevel="0" Project="" Source="Minesweeper.sln" Description="File successfully backed up as C:\Users\Ricky\Desktop\Minesweeper\Backup\Minesweeper.sln">
</Event><Event ErrorLevel="0" Project="" Source="Minesweeper.suo" Description="File successfully backed up as C:\Users\Ricky\Desktop\Minesweeper\Backup\Minesweeper.suo">
</Event><Event ErrorLevel="0" Project="Minesweeper" Source="Minesweeper.vbproj" Description="Project file successfully backed up as C:\Users\Ricky\Desktop\Minesweeper\Backup\Minesweeper.vbproj">
</Event><Event ErrorLevel="0" Project="Minesweeper" Source="Minesweeper.vbproj.user" Description="Project user file successfully backed up as C:\Users\Ricky\Desktop\Minesweeper\Backup\Minesweeper.vbproj.user">
</Event><Event ErrorLevel="0" Project="Minesweeper" Source="About.vb" Description="File successfully backed up as C:\Users\Ricky\Desktop\Minesweeper\Backup\About.vb">
</Event><Event ErrorLevel="0" Project="Minesweeper" Source="AssemblyInfo.vb" Description="File successfully backed up as C:\Users\Ricky\Desktop\Minesweeper\Backup\AssemblyInfo.vb">
</Event><Event ErrorLevel="0" Project="Minesweeper" Source="CustomOptions.vb" Description="File successfully backed up as C:\Users\Ricky\Desktop\Minesweeper\Backup\CustomOptions.vb">
</Event><Event ErrorLevel="0" Project="Minesweeper" Source="Game.vb" Description="File successfully backed up as C:\Users\Ricky\Desktop\Minesweeper\Backup\Game.vb">
</Event><Event ErrorLevel="0" Project="Minesweeper" Source="Help.vb" Description="File successfully backed up as C:\Users\Ricky\Desktop\Minesweeper\Backup\Help.vb">
</Event><Event ErrorLevel="0" Project="Minesweeper" Source="app.config" Description="File successfully backed up as C:\Users\Ricky\Desktop\Minesweeper\Backup\app.config">
</Event><Event ErrorLevel="0" Project="Minesweeper" Source="Icon1.ico" Description="File successfully backed up as C:\Users\Ricky\Desktop\Minesweeper\Backup\Icon1.ico">
</Event><Event ErrorLevel="0" Project="Minesweeper" Source="About.resx" Description="File successfully backed up as C:\Users\Ricky\Desktop\Minesweeper\Backup\About.resx">
</Event><Event ErrorLevel="0" Project="Minesweeper" Source="CustomOptions.resx" Description="File successfully backed up as C:\Users\Ricky\Desktop\Minesweeper\Backup\CustomOptions.resx">
</Event><Event ErrorLevel="0" Project="Minesweeper" Source="Game.resx" Description="File successfully backed up as C:\Users\Ricky\Desktop\Minesweeper\Backup\Game.resx">
</Event><Event ErrorLevel="0" Project="Minesweeper" Source="Help.resx" Description="File successfully backed up as C:\Users\Ricky\Desktop\Minesweeper\Backup\Help.resx">
</Event><Event ErrorLevel="0" Project="Minesweeper" Source="Minesweeper.vbproj" Description="Project converted successfully">
</Event><Event ErrorLevel="3" Project="Minesweeper" Source="Minesweeper.vbproj" Description="Converted">
</Event><Event ErrorLevel="0" Project="" Source="Minesweeper.sln" Description="Solution converted successfully">
</Event><Event ErrorLevel="3" Project="" Source="Minesweeper.sln" Description="Converted">
</Event><Event ErrorLevel="0" Project="Minesweeper" Source="app.config" Description="File converted successfully. All &lt;supportedRuntime&gt; and &lt;requiredRuntime&gt; tags were removed to enable the project to build and run with Visual Studio 2005.">
</Event><Event ErrorLevel="3" Project="Minesweeper" Source="app.config" Description="Converted">
</Event></UpgradeLog>